"id","name","description","tax_base_type","table_date","percent_amount","cst_out_id:id","cst_in_id:id","tax_group_id:id"
"tax_cofins_0","COFINS 0%","Produto deve constar na tabela 4.3.13 do SPED ","percent","2025-06-23","0","cst_pis_cofins_06","cst_pis_cofins_73","tax_group_cofins"
"tax_cofins_3","COFINS 3%","Aliquota básica do regime cumulativo - Lucro Presumido","percent","","3","cst_pis_cofins_01","cst_pis_cofins_50","tax_group_cofins"
"tax_cofins_7_6","COFINS 7,6%","Aliquota básica do regime não cumulativo - Lucro Real","percent","","7.6","cst_pis_cofins_01","cst_pis_cofins_50","tax_group_cofins"
"tax_cofins_isento","COFINS Isento","Produto deve constar na tabela 4.3.14 do SPED ","percent","2013-02-26","0","cst_pis_cofins_07","cst_pis_cofins_71","tax_group_cofins"
"tax_cofins_monofasico_0","COFINS Monofásico 0%","Produto deve constar na tabela 4.3.10 do SPED ","percent","2025-07-02","0","cst_pis_cofins_04","cst_pis_cofins_70","tax_group_cofins"
"tax_cofins_monofasico_10_30","COFINS Monofásico 10,30%","Produto deve constar na tabela 4.3.10 do SPED ","percent","2025-07-02","10.3","cst_pis_cofins_02","cst_pis_cofins_70","tax_group_cofins"
"tax_cofins_monofasico_10_68","COFINS Monofásico 10,68%","Produto deve constar na tabela 4.3.10 do SPED ","percent","2025-07-02","10.68","cst_pis_cofins_02","cst_pis_cofins_70","tax_group_cofins"
"tax_cofins_monofasico_10_80","COFINS Monofásico 10,80%","Produto deve constar na tabela 4.3.10 do SPED ","percent","2025-07-02","10.8","cst_pis_cofins_02","cst_pis_cofins_70","tax_group_cofins"
"tax_cofins_monofasico_19_42","COFINS Monofásico 19,42%","Produto deve constar na tabela 4.3.10 do SPED ","percent","2025-07-02","19.42","cst_pis_cofins_02","cst_pis_cofins_70","tax_group_cofins"
"tax_cofins_monofasico_23_20","COFINS Monofásico 23,20%","Produto deve constar na tabela 4.3.10 do SPED ","percent","2025-07-02","23.2","cst_pis_cofins_02","cst_pis_cofins_70","tax_group_cofins"
"tax_cofins_monofasico_23_44","COFINS Monofásico 23,44%","Produto deve constar na tabela 4.3.10 do SPED ","percent","2025-07-02","23.44","cst_pis_cofins_02","cst_pis_cofins_70","tax_group_cofins"
"tax_cofins_monofasico_24_15","COFINS Monofásico 24,15%","Produto deve constar na tabela 4.3.10 do SPED ","percent","2025-07-02","24.15","cst_pis_cofins_02","cst_pis_cofins_70","tax_group_cofins"
"tax_cofins_monofasico_28_32","COFINS Monofásico 28,32%","Produto deve constar na tabela 4.3.10 do SPED ","percent","2025-07-02","28.32","cst_pis_cofins_02","cst_pis_cofins_70","tax_group_cofins"
"tax_cofins_monofasico_47_40","COFINS Monofásico 47,40%","Produto deve constar na tabela 4.3.10 do SPED ","percent","2025-07-02","47.4","cst_pis_cofins_02","cst_pis_cofins_70","tax_group_cofins"
"tax_cofins_monofasico_5_91","COFINS Monofásico 5,91%","Produto deve constar na tabela 4.3.10 do SPED ","percent","2025-07-02","5.91","cst_pis_cofins_02","cst_pis_cofins_70","tax_group_cofins"
"tax_cofins_monofasico_6_83","COFINS Monofásico 6,83%","Produto deve constar na tabela 4.3.10 do SPED ","percent","2025-07-02","6.83","cst_pis_cofins_02","cst_pis_cofins_70","tax_group_cofins"
"tax_cofins_monofasico_7_00","COFINS Monofásico 7,00%","Produto deve constar na tabela 4.3.10 do SPED ","percent","2025-07-02","7","cst_pis_cofins_02","cst_pis_cofins_70","tax_group_cofins"
"tax_cofins_monofasico_7_60","COFINS Monofásico 7,60%","Produto deve constar na tabela 4.3.10 do SPED ","percent","2025-07-02","7.6","cst_pis_cofins_02","cst_pis_cofins_70","tax_group_cofins"
"tax_cofins_monofasico_7_69","COFINS Monofásico 7,69%","Produto deve constar na tabela 4.3.10 do SPED ","percent","2025-07-02","7.69","cst_pis_cofins_02","cst_pis_cofins_70","tax_group_cofins"
"tax_cofins_monofasico_8_54","COFINS Monofásico 8,54%","Produto deve constar na tabela 4.3.10 do SPED ","percent","2025-07-02","8.54","cst_pis_cofins_02","cst_pis_cofins_70","tax_group_cofins"
"tax_cofins_monofasico_9_50","COFINS Monofásico 9,50%","Produto deve constar na tabela 4.3.10 do SPED ","percent","2025-07-02","9.5","cst_pis_cofins_02","cst_pis_cofins_70","tax_group_cofins"
"tax_cofins_monofasico_9_60","COFINS Monofásico 9,60%","Produto deve constar na tabela 4.3.10 do SPED ","percent","2025-07-02","9.6","cst_pis_cofins_02","cst_pis_cofins_70","tax_group_cofins"
"tax_cofins_monofasico_9_61","COFINS Monofásico 9,61%","Produto deve constar na tabela 4.3.10 do SPED ","percent","2025-07-02","9.61","cst_pis_cofins_02","cst_pis_cofins_70","tax_group_cofins"
"tax_cofins_monofasico_9_90","COFINS Monofásico 9,90%","Produto deve constar na tabela 4.3.10 do SPED ","percent","2025-07-02","9.9","cst_pis_cofins_02","cst_pis_cofins_70","tax_group_cofins"
"tax_cofins_outros","COFINS Outros","","percent","","0","cst_pis_cofins_49","cst_pis_cofins_98","tax_group_cofins"
"tax_cofins_outras_operacoes","COFINS Outras Operações","","percent","","0","cst_pis_cofins_99","cst_pis_cofins_99","tax_group_cofins"
"tax_cofins_seminc","COFINS Sem Incidência","Produto deve constar na tabela 4.3.15 do SPED ","percent","","0","cst_pis_cofins_08","cst_pis_cofins_74","tax_group_cofins"
"tax_cofins_st_3","COFINS ST 3,00%","","percent","2014-11-17","3","cst_pis_cofins_05","cst_pis_cofins_75","tax_group_cofinsst"
"tax_cofins_st_qty","COFINS ST por Unidade de Medida","","quantity","","0","cst_pis_cofins_05","cst_pis_cofins_75","tax_group_cofinsst"
"tax_cofins_susp","COFINS Com Suspensão","Produto deve constar na tabela 4.3.16 do SPED ","percent","2023-03-03","0","cst_pis_cofins_09","cst_pis_cofins_72","tax_group_cofins"
"tax_cofins_value_monofasico_qty","COFINS Monofásico por Unidade de Medida","","quantity","","0","cst_pis_cofins_03","cst_pis_cofins_70","tax_group_cofins"
"tax_cofins_wh_0","COFINS RET 0%","Cofins retido na contratação de serviços","percent","","0","","","tax_group_cofins_wh"
"tax_cofins_wh_3","COFINS RET 3%","Cofins retido na contratação de serviços","percent","","3","","","tax_group_cofins_wh"
"tax_cofins_wh_7_6","COFINS RET 7,6%","Cofins retido na contratação de serviços","percent","","7.6","","","tax_group_cofins_wh"
"tax_csll_1","CSLL 1%","","percent","","1","","","tax_group_csll"
"tax_csll_2_88","CSLL 2,88%","","percent","","2.88","","","tax_group_csll"
"tax_csll_nt","CSLL NT","","percent","","0","","","tax_group_csll"
"tax_csll_wh_1","CSLL RET 1%","","percent","","1","","","tax_group_csll_wh"
"tax_csll_wh_2_88","CSLL RET 2,88%","","percent","","2.88","","","tax_group_csll_wh"
"tax_icms_6","ICMS 6%","","percent","2024-04-28","6","cst_icms_00","cst_icms_00","tax_group_icms"
"tax_icms_7","ICMS 7%","","percent","2024-04-28","7","cst_icms_00","cst_icms_00","tax_group_icms"
"tax_icms_13_08","ICMS 13.08%","","percent","2024-04-28","13.08","cst_icms_00","cst_icms_00","tax_group_icms"
"tax_icms_12","ICMS 12%","","percent","2024-04-28","12","cst_icms_00","cst_icms_00","tax_group_icms"
"tax_icms_15","ICMS 15%","","percent","2024-04-28","15","cst_icms_00","cst_icms_00","tax_group_icms"
"tax_icms_18","ICMS 18%","","percent","2024-04-28","18","cst_icms_00","cst_icms_00","tax_group_icms"
"tax_icms_23","ICMS 23%","","percent","2024-04-28","23","cst_icms_00","cst_icms_00","tax_group_icms"
"tax_icms_25","ICMS 25%","","percent","2024-04-28","25","cst_icms_00","cst_icms_00","tax_group_icms"
"tax_icms_31","ICMS 31%","","percent","2024-04-28","31","cst_icms_00","cst_icms_00","tax_group_icms"
"tax_icms_4","ICMS 4%","","percent","2024-04-28","4","cst_icms_00","cst_icms_00","tax_group_icms"
"tax_icms_6_red","ICMS 6% com redução da base de cálculo","A redução deve constar no anexo II do regulamento do ICMC de Minas Gerais","percent_red","","6","cst_icms_20","cst_icms_20","tax_group_icms"
"tax_icms_7_red","ICMS 7% com redução da base de cálculo","A redução deve constar no anexo II do regulamento do ICMC de Minas Gerais","percent_red","","7","cst_icms_20","cst_icms_20","tax_group_icms"
"tax_icms_13_08_red","ICMS 13,08% com redução da base de cálculo","A redução deve constar no anexo II do regulamento do ICMC de Minas Gerais","percent_red","","13.08","cst_icms_20","cst_icms_20","tax_group_icms"
"tax_icms_12_red","ICMS 12% com redução da base de cálculo","A redução deve constar no anexo II do regulamento do ICMC de Minas Gerais","percent_red","","12","cst_icms_20","cst_icms_20","tax_group_icms"
"tax_icms_15_red","ICMS 15% com redução da base de cálculo","A redução deve constar no anexo II do regulamento do ICMC de Minas Gerais","percent_red","","15","cst_icms_20","cst_icms_20","tax_group_icms"
"tax_icms_18_red","ICMS 18% com redução da base de cálculo","A redução deve constar no anexo II do regulamento do ICMC de Minas Gerais","percent_red","","18","cst_icms_20","cst_icms_20","tax_group_icms"
"tax_icms_23_red","ICMS 23% com redução da base de cálculo","A redução deve constar no anexo II do regulamento do ICMC de Minas Gerais","percent_red","","23","cst_icms_20","cst_icms_20","tax_group_icms"
"tax_icms_25_red","ICMS 25% com redução da base de cálculo","A redução deve constar no anexo II do regulamento do ICMC de Minas Gerais","percent_red","","25","cst_icms_20","cst_icms_20","tax_group_icms"
"tax_icms_31_red","ICMS 31% com redução da base de cálculo","A redução deve constar no anexo II do regulamento do ICMC de Minas Gerais","percent_red","","31","cst_icms_20","cst_icms_20","tax_group_icms"
"tax_icms_ant_st","ICMS cobrado anteriormente por substuição tributária","","percent","","0","cst_icms_60","cst_icms_60","tax_group_icms"
"tax_icms_diferimento","ICMS Diferimento","","percent","","0","cst_icms_51","cst_icms_51","tax_group_icms"
"tax_icms_isento","ICMS Isento","","percent","","0","cst_icms_40","cst_icms_40","tax_group_icms"
"tax_icms_nt","ICMS NT","","percent","","0","cst_icms_41","cst_icms_41","tax_group_icms"
"tax_icms_suspensao","ICMS Suspensão","","percent","","0","cst_icms_50","cst_icms_50","tax_group_icms"
"tax_icms_outras","ICMS Outras","","percent","","0","cst_icms_90","cst_icms_90","tax_group_icms"
"tax_icms_sn_com_credito","ICMS SN Com Permissão de Crédito","","percent","","0","cst_icmssn_101","cst_icmssn_101","tax_group_icmssn"
"tax_icms_sn_sem_credito","ICMS SN Sem Permissão de Crédito","","percent","","0","cst_icmssn_102","cst_icmssn_102","tax_group_icmssn"
"tax_icms_sn_isento_faixa_bruta","ICMS SN Isento para a faixa de receita bruta","","percent","","0","cst_icmssn_103","cst_icmssn_103","tax_group_icmssn"
"tax_icms_sn_com_credito_st","ICMS SN Com Permissão de Crédito e Cobrança de ICMS por ST","","percent","","0","cst_icmssn_201","cst_icmssn_201","tax_group_icmssn"
"tax_icms_sn_sem_credito_st","ICMS SN Sem Permissão de Crédito e Cobrança de ICMS por ST","","percent","","0","cst_icmssn_202","cst_icmssn_202","tax_group_icmssn"
"tax_icms_sn_isento_st","ICMS SN Isento Para a Faixa de Receita Bruta e Cobrança de ICMS por ST","","percent","","0","cst_icmssn_203","cst_icmssn_203","tax_group_icmssn"
"tax_icms_sn_imune","ICMS SN Imune","","percent","","0","cst_icmssn_300","cst_icmssn_300","tax_group_icmssn"
"tax_icms_sn_nt","ICMS SN Não Tributado","","percent","","0","cst_icmssn_400","cst_icmssn_400","tax_group_icmssn"
"tax_icms_sn_cobrado_ant_st","ICMS SN cobrado anteriormente por ST ou por antecipação","","percent","","0","cst_icmssn_500","cst_icmssn_500","tax_group_icmssn"
"tax_icms_sn_outros","ICMS SN Outros","","percent","","0","cst_icmssn_900","cst_icmssn_900","tax_group_icmssn"
"tax_icms_6_st","ICMS 6% com ST","","percent","","6","cst_icms_10","cst_icms_10","tax_group_icms"
"tax_icms_7_st","ICMS 7% com ST","","percent","","7","cst_icms_10","cst_icms_10","tax_group_icms"
"tax_icms_13_08_st","ICMS 13.08% com ST","","percent","","13.08","cst_icms_10","cst_icms_10","tax_group_icms"
"tax_icms_12_st","ICMS 12% com ST","","percent","","12","cst_icms_10","cst_icms_10","tax_group_icms"
"tax_icms_15_st","ICMS 15% com ST","","percent","","15","cst_icms_10","cst_icms_10","tax_group_icms"
"tax_icms_18_st","ICMS 18% com ST","","percent","","18","cst_icms_10","cst_icms_10","tax_group_icms"
"tax_icms_23_st","ICMS 23% com ST","","percent","","23","cst_icms_10","cst_icms_10","tax_group_icms"
"tax_icms_25_st","ICMS 25% com ST","","percent","","25","cst_icms_10","cst_icms_10","tax_group_icms"
"tax_icms_31_st","ICMS 31% com ST","","percent","","31","cst_icms_10","cst_icms_10","tax_group_icms"
"tax_icms_6_st_red","ICMS 6% com redução BC e ST","Com redução da base de cálculo do ICMS da operação própria e cobrança do ICMS por ST.","percent_red","","6","cst_icms_70","cst_icms_70","tax_group_icms"
"tax_icms_7_st_red","ICMS 7% com redução BC e ST","Com redução da base de cálculo do ICMS da operação própria e cobrança do ICMS por ST.","percent_red","","7","cst_icms_70","cst_icms_70","tax_group_icms"
"tax_icms_13_08_st_red","ICMS 13.08% com redução BC e ST","Com redução da base de cálculo do ICMS da operação própria e cobrança do ICMS por ST.","percent_red","","13.08","cst_icms_70","cst_icms_70","tax_group_icms"
"tax_icms_12_st_red","ICMS 12% com redução BC e ST","Com redução da base de cálculo do ICMS da operação própria e cobrança do ICMS por ST.","percent_red","","12","cst_icms_70","cst_icms_70","tax_group_icms"
"tax_icms_15_st_red","ICMS 15% com redução BC e ST","Com redução da base de cálculo do ICMS da operação própria e cobrança do ICMS por ST.","percent_red","","15","cst_icms_70","cst_icms_70","tax_group_icms"
"tax_icms_18_st_red","ICMS 18% com redução BC e ST","Com redução da base de cálculo do ICMS da operação própria e cobrança do ICMS por ST.","percent_red","","18","cst_icms_70","cst_icms_70","tax_group_icms"
"tax_icms_23_st_red","ICMS 23% com redução BC e ST","Com redução da base de cálculo do ICMS da operação própria e cobrança do ICMS por ST.","percent_red","","23","cst_icms_70","cst_icms_70","tax_group_icms"
"tax_icms_25_st_red","ICMS 25% com redução BC e ST","Com redução da base de cálculo do ICMS da operação própria e cobrança do ICMS por ST.","percent_red","","25","cst_icms_70","cst_icms_70","tax_group_icms"
"tax_icms_31_st_red","ICMS 31% com redução BC e ST","Com redução da base de cálculo do ICMS da operação própria e cobrança do ICMS por ST.","percent_red","","31","cst_icms_70","cst_icms_70","tax_group_icms"
"tax_icms_fcp_2","FCP 2%","","percent","","2","","","tax_group_icmsfcp"
"tax_icms_fcp_2_st","FCP 2% ST","Fundo de combate a pobreza para substuição tributária","percent","","2","","","tax_group_icmsfcp_st"
"tax_ii_0","II 0%","","percent","","0","","","tax_group_ii"
"tax_ii_10","II 10%","","percent","","10","","","tax_group_ii"
"tax_ii_12","II 12%","","percent","","12","","","tax_group_ii"
"tax_ii_14","II 14%","","percent","","14","","","tax_group_ii"
"tax_ii_16","II 16%","","percent","","16","","","tax_group_ii"
"tax_ii_18","II 18%","","percent","","18","","","tax_group_ii"
"tax_ii_2","II 2%","","percent","","2","","","tax_group_ii"
"tax_ii_20","II 20%","","percent","","20","","","tax_group_ii"
"tax_ii_26","II 26%","","percent","","26","","","tax_group_ii"
"tax_ii_28","II 28%","","percent","","28","","","tax_group_ii"
"tax_ii_35","II 35%","","percent","","35","","","tax_group_ii"
"tax_ii_4","II 4%","","percent","","4","","","tax_group_ii"
"tax_ii_6","II 6%","","percent","","6","","","tax_group_ii"
"tax_ii_8","II 8%","","percent","","8","","","tax_group_ii"
"tax_inss_11","INSS 11%","","percent","","11","","","tax_group_inss"
"tax_inss_nt","INSS NT","","percent","","0","","","tax_group_inss"
"tax_inss_wh_11","INSS RET 11%","","percent","","11","","","tax_group_inss_wh"
"tax_inss_wh_nt","INSS RET NT","","percent","","0","","","tax_group_inss_wh"
"tax_ipi_0","IPI 0%","","percent","2022-07-29","0","cst_ipi_51","cst_ipi_01","tax_group_ipi"
"tax_ipi_qtt","IPI Tributado por Unidade","","quantity","2022-07-29","0","cst_ipi_50","cst_ipi_00","tax_group_ipi"
"tax_ipi_3_25","IPI 3,25%","","percent","2022-07-29","3.25","cst_ipi_50","cst_ipi_00","tax_group_ipi"
"tax_ipi_8","IPI 8%","","percent","2022-07-29","8","cst_ipi_50","cst_ipi_00","tax_group_ipi"
"tax_ipi_2_6","IPI 2,6%","","percent","2022-07-29","2.6","cst_ipi_50","cst_ipi_00","tax_group_ipi"
"tax_ipi_3_9","IPI 3,9%","","percent","2022-07-29","3.9","cst_ipi_50","cst_ipi_00","tax_group_ipi"
"tax_ipi_6_5","IPI 6,5%","","percent","2022-07-29","6.5","cst_ipi_50","cst_ipi_00","tax_group_ipi"
"tax_ipi_13","IPI 13%","","percent","2022-07-29","13","cst_ipi_50","cst_ipi_00","tax_group_ipi"
"tax_ipi_9_75","IPI 9,75%","","percent","2022-07-29","9.75","cst_ipi_50","cst_ipi_00","tax_group_ipi"
"tax_ipi_5_2","IPI 5,2%","","percent","2022-07-29","5.2","cst_ipi_50","cst_ipi_00","tax_group_ipi"
"tax_ipi_19_5","IPI 19,5%","","percent","2022-07-29","19.5","cst_ipi_50","cst_ipi_00","tax_group_ipi"
"tax_ipi_16_25","IPI 16,25%","","percent","2022-07-29","16.25","cst_ipi_50","cst_ipi_00","tax_group_ipi"
"tax_ipi_30","IPI 30%","","percent","2022-07-29","30","cst_ipi_50","cst_ipi_00","tax_group_ipi"
"tax_ipi_300","IPI 300%","","percent","2022-07-29","300","cst_ipi_50","cst_ipi_00","tax_group_ipi"
"tax_ipi_10","IPI 10%","","percent","2022-07-29","10","cst_ipi_50","cst_ipi_00","tax_group_ipi"
"tax_ipi_1_3","IPI 1,3%","","percent","2022-07-29","1.3","cst_ipi_50","cst_ipi_00","tax_group_ipi"
"tax_ipi_27_3","IPI 27,3%","","percent","2022-07-29","27.3","cst_ipi_50","cst_ipi_00","tax_group_ipi"
"tax_ipi_7_8","IPI 7,8%","","percent","2022-07-29","7.8","cst_ipi_50","cst_ipi_00","tax_group_ipi"
"tax_ipi_14_3","IPI 14,3%","","percent","2022-07-29","14.3","cst_ipi_50","cst_ipi_00","tax_group_ipi"
"tax_ipi_4_55","IPI 4,55%","","percent","2022-07-29","4.55","cst_ipi_50","cst_ipi_00","tax_group_ipi"
"tax_ipi_22","IPI 22%","","percent","2022-07-29","22","cst_ipi_50","cst_ipi_00","tax_group_ipi"
"tax_ipi_15","IPI 15%","","percent","2022-07-29","15","cst_ipi_50","cst_ipi_00","tax_group_ipi"
"tax_ipi_5","IPI 5%","","percent","2022-07-29","5","cst_ipi_50","cst_ipi_00","tax_group_ipi"
"tax_ipi_11_25","IPI 11,25%","","percent","2022-07-29","11.25","cst_ipi_50","cst_ipi_00","tax_group_ipi"
"tax_ipi_11_7","IPI 11,7%","","percent","2022-07-29","11.7","cst_ipi_50","cst_ipi_00","tax_group_ipi"
"tax_ipi_1_95","IPI 1,95%","","percent","2022-07-29","1.95","cst_ipi_50","cst_ipi_00","tax_group_ipi"
"tax_ipi_39","IPI 39%","","percent","2022-07-29","39","cst_ipi_50","cst_ipi_00","tax_group_ipi"
"tax_ipi_26","IPI 26%","","percent","2022-07-29","26","cst_ipi_50","cst_ipi_00","tax_group_ipi"
"tax_ipi_29_25","IPI 29,25%","","percent","2022-07-29","29.25","cst_ipi_50","cst_ipi_00","tax_group_ipi"
"tax_ipi_0_65","IPI 0,65%","","percent","2022-07-29","0.65","cst_ipi_50","cst_ipi_00","tax_group_ipi"
"tax_ipi_12","IPI 12%","","percent","2022-07-29","12","cst_ipi_50","cst_ipi_00","tax_group_ipi"
"tax_ipi_20","IPI 20%","","percent","2022-07-29","20","cst_ipi_50","cst_ipi_00","tax_group_ipi"
"tax_ipi_35","IPI 35%","","percent","2022-07-29","35","cst_ipi_50","cst_ipi_00","tax_group_ipi"
"tax_ipi_15_6","IPI 15,6%","","percent","2022-07-29","15.6","cst_ipi_50","cst_ipi_00","tax_group_ipi"
"tax_ipi_3_75","IPI 3,75%","","percent","2022-07-29","3.75","cst_ipi_50","cst_ipi_00","tax_group_ipi"
"tax_ipi_7_5","IPI 7,5%","","percent","2022-07-29","7.5","cst_ipi_50","cst_ipi_00","tax_group_ipi"
"tax_ipi_25","IPI 25%","","percent","2022-07-29","25","cst_ipi_50","cst_ipi_00","tax_group_ipi"
"tax_ipi_2","IPI 2%","","percent","2022-07-29","2","cst_ipi_50","cst_ipi_00","tax_group_ipi"
"tax_ipi_33_86","IPI 33,86%","","percent","2022-07-29","33.86","cst_ipi_50","cst_ipi_00","tax_group_ipi"
"tax_ipi_5_27","IPI 5,27%","","percent","2022-07-29","5.27","cst_ipi_50","cst_ipi_00","tax_group_ipi"
"tax_ipi_9_78","IPI 9,78%","","percent","2022-07-29","9.78","cst_ipi_50","cst_ipi_00","tax_group_ipi"
"tax_ipi_18_81","IPI 18,81%","","percent","2022-07-29","18.81","cst_ipi_50","cst_ipi_00","tax_group_ipi"
"tax_ipi_10_4","IPI 10,4%","","percent","2022-07-29","10.4","cst_ipi_50","cst_ipi_00","tax_group_ipi"
"tax_ipi_9","IPI 9%","","percent","2022-07-29","9","cst_ipi_50","cst_ipi_00","tax_group_ipi"
"tax_ipi_55","IPI 55%","","percent","2022-07-29","55","cst_ipi_50","cst_ipi_00","tax_group_ipi"
"tax_ipi_40","IPI 40%","","percent","2022-07-29","40","cst_ipi_50","cst_ipi_00","tax_group_ipi"
"tax_ipi_nt","IPI Não tributado","","percent","","0","cst_ipi_53","cst_ipi_03","tax_group_ipi"
"tax_ipi_imune","IPI Imune","","percent","","0","cst_ipi_54","cst_ipi_04","tax_group_ipi"
"tax_ipi_isento","IPI Isento","","percent","","0","cst_ipi_52","cst_ipi_02","tax_group_ipi"
"tax_ipi_outros","IPI Outros","","percent","","0","cst_ipi_99","cst_ipi_49","tax_group_ipi"
"tax_ipi_suspensao","IPI Com Suspensão","","percent","","0","cst_ipi_55","cst_ipi_05","tax_group_ipi"
"tax_irpj_1","IRPJ 1,5%","","percent","","1.5","","","tax_group_irpj"
"tax_irpj_4_6","IRPJ 4_8%","","percent","","4.8","","","tax_group_irpj"
"tax_irpj_nt","IRPJ NT","","percent","","0","","","tax_group_irpj"
"tax_irpj_wh_1","IRPJ RET 1,5%","","percent","","1.5","","","tax_group_irpj_wh"
"tax_irpj_wh_4_6","IRPJ RET 4_8%","","percent","","4.8","","","tax_group_irpj"
"tax_irpj_wh_nt","IRPJ RET NT","","percent","","0","","","tax_group_irpj_wh"
"tax_issqn_1","ISSQN 1%","","percent","","1","","","tax_group_issqn"
"tax_issqn_2","ISSQN 2%","","percent","","2","","","tax_group_issqn"
"tax_issqn_2_5","ISSQN 2,5%","","percent","","2.5","","","tax_group_issqn"
"tax_issqn_3","ISSQN 3%","","percent","","3","","","tax_group_issqn"
"tax_issqn_4","ISSQN 4%","","percent","","4","","","tax_group_issqn"
"tax_issqn_5","ISSQN 5%","","percent","","5","","","tax_group_issqn"
"tax_issqn_nt","ISSQN NT","","percent","","0","","","tax_group_issqn"
"tax_issqn_wh_1","ISSQN RET 1%","","percent","","1","","","tax_group_issqn_wh"
"tax_issqn_wh_2","ISSQN RET 2%","","percent","","2","","","tax_group_issqn_wh"
"tax_issqn_wh_2_5","ISSQN RET 2,5%","","percent","","2.5","","","tax_group_issqn_wh"
"tax_issqn_wh_3","ISSQN RET 3%","","percent","","3","","","tax_group_issqn_wh"
"tax_issqn_wh_4","ISSQN RET 4%","","percent","","4","","","tax_group_issqn_wh"
"tax_issqn_wh_5","ISSQN RET 5%","","percent","","5","","","tax_group_issqn_wh"
"tax_issqn_wh_nt","ISSQN RET NT","","percent","","0","","","tax_group_issqn_wh"
"tax_pis_0","PIS 0%","Produto deve constar na tabela 4.3.13 do SPED ","percent","2025-06-23","0","cst_pis_cofins_06","cst_pis_cofins_73","tax_group_pis"
"tax_pis_0_65","PIS 0,65%","Aliquota básica do regime cumulativo - Lucro Presumido","percent","","0.65","cst_pis_cofins_01","cst_pis_cofins_50","tax_group_pis"
"tax_pis_1_65","PIS 1,65%","Aliquota básica do regime não cumulativo - Lucro Real","percent","","1.65","cst_pis_cofins_01","cst_pis_cofins_50","tax_group_pis"
"tax_pis_isento","PIS Isento","Produto deve constar na tabela 4.3.14 do SPED ","percent","2013-02-26","0","cst_pis_cofins_07","cst_pis_cofins_71","tax_group_pis"
"tax_pis_monofasico_0","PIS Monofásico 0%","Produto deve constar na tabela 4.3.10 do SPED ","percent","2025-07-02","0","cst_pis_cofins_04","cst_pis_cofins_70","tax_group_pis"
"tax_pis_monofasico_1_29","PIS Monofásico 1,29%","Produto deve constar na tabela 4.3.10 do SPED ","percent","2025-07-02","1.29","cst_pis_cofins_02","cst_pis_cofins_70","tax_group_pis"
"tax_pis_monofasico_10_20","PIS Monofásico 10,20%","Produto deve constar na tabela 4.3.10 do SPED ","percent","2025-07-02","10.2","cst_pis_cofins_02","cst_pis_cofins_70","tax_group_pis"
"tax_pis_monofasico_1_49","PIS Monofásico 1,49%","Produto deve constar na tabela 4.3.10 do SPED ","percent","2025-07-02","1.49","cst_pis_cofins_02","cst_pis_cofins_70","tax_group_pis"
"tax_pis_monofasico_1_52","PIS Monofásico 1,52%","Produto deve constar na tabela 4.3.10 do SPED ","percent","2025-07-02","1.52","cst_pis_cofins_02","cst_pis_cofins_70","tax_group_pis"
"tax_pis_monofasico_1_65","PIS Monofásico 1,65%","Produto deve constar na tabela 4.3.10 do SPED ","percent","2025-07-02","1.65","cst_pis_cofins_02","cst_pis_cofins_70","tax_group_pis"
"tax_pis_monofasico_1_67","PIS Monofásico 1,67%","Produto deve constar na tabela 4.3.10 do SPED ","percent","2025-07-02","1.67","cst_pis_cofins_02","cst_pis_cofins_70","tax_group_pis"
"tax_pis_monofasico_1_86","PIS Monofásico 1,86%","Produto deve constar na tabela 4.3.10 do SPED ","percent","2025-07-02","1.86","cst_pis_cofins_02","cst_pis_cofins_70","tax_group_pis"
"tax_pis_monofasico_2_00","PIS Monofásico 2,00%","Produto deve constar na tabela 4.3.10 do SPED ","percent","2025-07-02","2","cst_pis_cofins_02","cst_pis_cofins_70","tax_group_pis"
"tax_pis_monofasico_2_09","PIS Monofásico 2,09%","Produto deve constar na tabela 4.3.10 do SPED ","percent","2025-07-02","2.09","cst_pis_cofins_02","cst_pis_cofins_70","tax_group_pis"
"tax_pis_monofasico_2_10","PIS Monofásico 2,10%","Produto deve constar na tabela 4.3.10 do SPED ","percent","2025-07-02","2.1","cst_pis_cofins_02","cst_pis_cofins_70","tax_group_pis"
"tax_pis_monofasico_2_20","PIS Monofásico 2,20%","Produto deve constar na tabela 4.3.10 do SPED ","percent","2025-07-02","2.2","cst_pis_cofins_02","cst_pis_cofins_70","tax_group_pis"
"tax_pis_monofasico_2_30","PIS Monofásico 2,30%","Produto deve constar na tabela 4.3.10 do SPED ","percent","2025-07-02","2.3","cst_pis_cofins_02","cst_pis_cofins_70","tax_group_pis"
"tax_pis_monofasico_2_32","PIS Monofásico 2,32%","Produto deve constar na tabela 4.3.10 do SPED ","percent","2025-07-02","2.32","cst_pis_cofins_02","cst_pis_cofins_70","tax_group_pis"
"tax_pis_monofasico_4_21","PIS Monofásico 4,21%","Produto deve constar na tabela 4.3.10 do SPED ","percent","2025-07-02","4.21","cst_pis_cofins_02","cst_pis_cofins_70","tax_group_pis"
"tax_pis_monofasico_5_00","PIS Monofásico 5,00%","Produto deve constar na tabela 4.3.10 do SPED ","percent","2025-07-02","5","cst_pis_cofins_02","cst_pis_cofins_70","tax_group_pis"
"tax_pis_monofasico_5_08","PIS Monofásico 5,08%","Produto deve constar na tabela 4.3.10 do SPED ","percent","2025-07-02","5.08","cst_pis_cofins_02","cst_pis_cofins_70","tax_group_pis"
"tax_pis_monofasico_5_25","PIS Monofásico 5,25%","Produto deve constar na tabela 4.3.10 do SPED ","percent","2025-07-02","5.25","cst_pis_cofins_02","cst_pis_cofins_70","tax_group_pis"
"tax_pis_monofasico_6_15","PIS Monofásico 6,15%","Produto deve constar na tabela 4.3.10 do SPED ","percent","2025-07-02","6.15","cst_pis_cofins_02","cst_pis_cofins_70","tax_group_pis"
"tax_pis_outros","PIS Outros","","percent","","0","cst_pis_cofins_49","cst_pis_cofins_98","tax_group_pis"
"tax_pis_outras_operacoes","PIS Outras Operações","","percent","","0","cst_pis_cofins_99","cst_pis_cofins_99","tax_group_pis"
"tax_pis_seminc","PIS Sem Incidência","Produto deve constar na tabela 4.3.15 do SPED ","percent","","0","cst_pis_cofins_08","cst_pis_cofins_74","tax_group_pis"
"tax_pis_st_0_65","PIS ST 0,65%","","percent","2014-04-17","0.65","cst_pis_cofins_05","cst_pis_cofins_75","tax_group_pisst"
"tax_pis_st_qty","PIS ST por Unidade de Medida","","quantity","","0","cst_pis_cofins_05","cst_pis_cofins_75","tax_group_pisst"
"tax_pis_susp","PIS Com Suspensão","Produto deve constar na tabela 4.3.16 do SPED ","percent","2023-03-03","0","cst_pis_cofins_09","cst_pis_cofins_72","tax_group_pis"
"tax_pis_monofasico_qty","PIS Monofásico por Unidade de Medida","","quantity","","0","cst_pis_cofins_03","cst_pis_cofins_70","tax_group_pis"
"tax_pis_wh_0","PIS RET 0%","PIS retido na contratação de serviços","percent","","0","","","tax_group_pis_wh"
"tax_pis_wh_0_65","PIS RET 0,65%","PIS retido na contratação de serviços","percent","","0.65","","","tax_group_pis_wh"
"tax_pis_wh_1_65","PIS RET 1,65%","PIS retido na contratação de serviços","percent","","1.65","","","tax_group_pis_wh"